[

    {
        "tokens": [
            "why",
            "doesn't",
            "an",
            "optical",
            "mouse",
            "work",
            "on",
            "a",
            "glass",
            "table",
            "?"
        ],
        "ner_tags": [
            "B-QUESTION_TYPE",
            "O",
            "O",
            "O",
            "O",
            "O",
            "O",
            "O",
            "O",
            "O",
            "O"
        ]
    },
    {
        "tokens": [
            "What",
            "is",
            "the",
            "best",
            "off-road",
            "motorcycle",
            "trail",
            "?"
        ],
        "ner_tags": [
            "B-QUESTION_TYPE",
            "O",
            "O",
            "O",
            "O",
            "O",
            "O",
            "O"
        ]
    },
    {
        "tokens": [
            "What",
            "is",
            "Trans",
            "Fat?",
            "How",
            "to",
            "reduce",
            "that?"
        ],
        "ner_tags": [
            "B-QUESTION_TYPE",
            "O",
            "O",
            "O",
            "B-QUESTION_TYPE",
            "O",
            "O",
            "O"
        ]
    },
    {
        "tokens": [
            "How",
            "many",
            "planes",
            "Fedex",
            "has?"
        ],
        "ner_tags": [
            "B-QUESTION_TYPE",
            "I-QUESTION_TYPE",
            "O",
            "O",
            "O"
        ]
    },
    
    {
        "tokens": [
            "In",
            "the",
            "san",
            "francisco",
            "bay",
            "area,",
            "does",
            "it",
            "make",
            "sense",
            "to",
            "rent",
            "or",
            "buy",
            "?"
        ],
        "ner_tags": [
            "O",
            "O",
            "B-LOCATION",
            "I-LOCATION",
            "I-LOCATION",
            "I-LOCATION",
            "O",
            "O",
            "O",
            "O",
            "O",
            "O",
            "O",
            "O",
            "O"
        ]
    },
    {
        "tokens": [
            "What's",
            "the",
            "best",
            "way",
            "to",
            "clean",
            "a",
            "keyboard?"
        ],
        "ner_tags": [
            "B-QUESTION_TYPE",
            "O",
            "O",
            "O",
            "O",
            "O",
            "O",
            "O"
        ]
    },
    {
        "tokens": [
            "Why",
            "do",
            "people",
            "blush",
            "when",
            "they",
            "are",
            "embarrassed?"
        ],
        "ner_tags": [
            "B-QUESTION_TYPE",
            "O",
            "O",
            "O",
            "O",
            "O",
            "O",
            "O"
        ]
    },
    {
        "tokens": [
            "Is",
            "Lin",
            "Qingxia",
            "(aka",
            "Brigitte",
            "Lin)",
            "\"the",
            "most",
            "beautiful",
            "woman",
            "in",
            "Chinese",
            "cinema?"
        ],
        "ner_tags": [
            "B-QUESTION_TYPE",
            "B-PERSON",
            "I-PERSON",
            "O",
            "B-PERSON",
            "I-PERSON",
            "O",
            "O",
            "O",
            "O",
            "O",
            "B-LOCATION",
            "O"
        ]
    },
    {
        "tokens": [
            "What",
            "is",
            "the",
            "origin",
            "of",
            "\"foobar\"?"
        ],
        "ner_tags": [
            "B-QUESTION_TYPE",
            "O",
            "O",
            "O",
            "O",
            "O"
        ]
    },
    {
        "tokens": [
            "How",
            "the",
            "human",
            "species",
            "evolved?"
        ],
        "ner_tags": [
            "B-QUESTION_TYPE",
            "O",
            "O",
            "O",
            "O"
        ]
    },
    
    {
        "tokens": [
            "Who",
            "said",
            "the",
            "statement",
            "below",
            "and",
            "what",
            "does",
            "it",
            "mean?"
        ],
        "ner_tags": [
            "B-QUESTION_TYPE",
            "O",
            "O",
            "O",
            "O",
            "O",
            "B-QUESTION_TYPE",
            "O",
            "O",
            "O"
        ]
    },
    {
        "tokens": [
            "How",
            "do",
            "I",
            "find",
            "an",
            "out",
            "of",
            "print",
            "book?"
        ],
        "ner_tags": [
            "B-QUESTION_TYPE",
            "O",
            "O",
            "O",
            "O",
            "O",
            "O",
            "O",
            "O",
            "O"
        ]
    },
    {
        "tokens": [
            "What",
            "are",
            "some",
            "tips",
            "on",
            "finding",
            "a",
            "good",
            "mortgage",
            "broker?"
        ],
        "ner_tags": [
            "B-QUESTION_TYPE",
            "O",
            "O",
            "O",
            "O",
            "O",
            "O",
            "O",
            "O",
            "O",
            "O"
        ]
    },
    {
        "tokens": [
            "what's",
            "the",
            "best",
            "way",
            "to",
            "create",
            "a",
            "bootable",
            "windows/dos",
            "CD?"
        ],
        "ner_tags": [
            "B-QUESTION_TYPE",
            "O",
            "O",
            "O",
            "O",
            "O",
            "O",
            "O",
            "B-SOFTWARE",
            "O"
        ]
    },
    {
        "tokens": [
            "what",
            "is",
            "the",
            "reason",
            "for",
            "the",
            "increasing",
            "divorce",
            "percentage",
            "in",
            "the",
            "western",
            "world?"
        ],
        "ner_tags": [
            "B-QUESTION_TYPE",
            "O",
            "O",
            "O",
            "O",
            "O",
            "O",
            "O",
            "O",
            "O",
            "O",
            "B-LOCATION",
            "O"
        ]
    },
    
    {
        "tokens": [
            "What",
            "is",
            "an",
            "\"imaginary",
            "number\"?"
        ],
        "ner_tags": [
            "B-QUESTION_TYPE",
            "O",
            "O",
            "O",
            "O"
        ]
    },
    {
        "tokens": [
            "What",
            "are",
            "good",
            "sources",
            "to",
            "find",
            "out",
            "about",
            "new",
            "gospel",
            "artists?"
        ],
        "ner_tags": [
            "B-QUESTION_TYPE",
            "O",
            "O",
            "O",
            "O",
            "O",
            "O",
            "O",
            "O",
            "O",
            "O"
        ]
    },
    {
        "tokens": [
            "How",
            "a",
            "black",
            "hole",
            "is",
            "formed?"
        ],
        "ner_tags": [
            "B-QUESTION_TYPE",
            "O",
            "O",
            "O",
            "O",
            "O"
        ]
    },
    {
        "tokens": [
            "When",
            "will",
            "Her",
            "Majesty",
            "be",
            "released",
            "in",
            "Dvd",
            "format?"
        ],
        "ner_tags": [
            "B-QUESTION_TYPE",
            "O",
            "O",
            "O",
            "O",
            "O",
            "O",
            "O",
            "O"
        ]
    },
    {
        "tokens": [
            "Is",
            "a",
            "transponder",
            "required",
            "to",
            "fly",
            "in",
            "class",
            "C",
            "airspace?"
        ],
        "ner_tags": [
            "B-QUESTION_TYPE",
            "O",
            "O",
            "O",
            "O",
            "O",
            "O",
            "O",
            "O",
            "O"
        ]
    },
    {
        "tokens": [
            "How",
            "to",
            "get",
            "rid",
            "of",
            "a",
            "beehive?"
        ],
        "ner_tags": [
            "B-QUESTION_TYPE",
            "O",
            "O",
            "O",
            "O",
            "O",
            "O"
        ]
    },
    {
        "tokens": [
            "Nice",
            "apartment",
            "building",
            "near",
            "SBC",
            "Park",
            "?"
        ],
        "ner_tags": [
            "O",
            "O",
            "O",
            "O",
            "B-LOCATION",
            "I-LOCATION",
            "O"
        ]
    },
    
]